{"cameraMode":{"drawMode":0,"name":"Shaded","section":"Shading Mode"},"sceneLighting":false,"audioPlay":false,"sceneViewState":{"m_AlwaysRefresh":false,"showFog":true,"showSkybox":false,"showFlares":true,"showImageEffects":true,"showParticleSystems":true,"showVisualEffectGraphs":true,"m_FxEnabled":true},"in2DMode":false,"pivot":{"x":-0.6474477052688599,"y":-2.770211935043335,"z":4.116554260253906},"rotation":{"x":0.0013396625872701407,"y":0.9914440512657166,"z":-0.130434051156044,"w":0.01021631807088852},"size":0.8660253882408142,"orthographic":false}